,tag,sequence
0,nano_ir_id_tag_41526_seq_gen.pdb,QVQLQESGGGLVQGGGSLRLSCAASGRTFSSYAMGWFRQAPGKGREWVAAIRWSGGYTYYTDSVKGRFTISRDNAKTTVYLQMNSLRPEDTAVYYCAADQRKEDYDYYALPQRPLDYDYWGQGTQVTVSSLE
1,nano_ir_id_tag_41526_inv_fold.pdb,QVQLQESGGGLVQAGGSLRLSCAASGRTFSDYAMGWFRQAPGKEREFVAAIRPTGGSTKYTDSVKGRFTMSLDYAKTTVYLQMDSLKPEDTAVYYCAADRVSVSSPSYPIPTDASDYAYWGQGTQVTVSSHH
2,nano_ir_id_tag_91666_seq_gen.pdb,QVQLQESGGGLVQGGGSLRLSCAASGRTFSSYAMGWFRQAPGKGREWVAAIRWSGGYTYYTDSVKGRFTISRDNAKTTVYLQMNSLKPEDTAVYYCALPRALLEYKYYALPQRPLDYDYWGQGTQVTVSSLE
3,nano_ir_id_tag_91666_inv_fold.pdb,QVQLQESGGGLVQAGGSLRLSCAASGRGNGDYEMGWFRQAPGKEREFVAAISGSGGTTFYADSVKGRFTISRDNAKKTVYLQMNSLKPEDTAVYYCARRSKLSYIDWFNPPMRAEDYDYWGQGTQVTVSSHP
4,nano_ir_id_tag_37356_seq_gen.pdb,QVQLQESGGGLVQGGGSLRLSCAASGRTFSSYAMGWFRQAPGKGREWVAAIRWSGGYTYYTDSVKGRFTISRDNAKTTVYLQMNSLKPEDTAVYYCAAPRRERDYSYYALPQRPLDYDYWGQGTQVTVSSLE
5,nano_ir_id_tag_37356_inv_fold.pdb,QIQLQESGGGLVQAGGSLRLSCAASGWFFSSRAMAWFRQAPGKGREFVAAISWRGGRTYYADSVKGRFTISRDNAKNTVYLQMNSLKPEDTAVYYCAAPPDRRLLWAYRIPTSTSDYAYWGQGTQVTVSSHH
6,nano_ir_id_tag_71711_seq_gen.pdb,QVQLQESGGGLVQGGGSLRLSCAASGRTFSSYAMGWFRQAPGKGREWVAAIRWSGGYTYYTDSVKGRFTISRDNAKTTVYLQMNSLKPEDTAVYYCAAAERRRDFDYYALPQRPLDYDYWGQGTQVTVSSLE
7,nano_ir_id_tag_71711_inv_fold.pdb,KVQLQESGGGLVQAGGSLRLSCAASGRLRDLYAMGWFRQAPGKEREFVANIRWSGGATYYADSVKGRFTISRDNAKQTVYLQMNSLKPEDTAVYYCAAASEWYYRSPLALPMASDDYDYWGQGTQVTVSSPH
8,nano_ir_id_tag_65768_seq_gen.pdb,QVQLQESGGGLVQGGGSLRLSCAASGRTFSSYAMGWFRQAPGKGREWVAAIRWSGGYTYYTDSVKGRFTISRDNAKTTVYLQMNSLKPEDTAVYYCASPSARSSYAYYALPQRPLDYDYWGQGTQVTVSSLE
9,nano_ir_id_tag_65768_inv_fold.pdb,QVQLVESGGGLVQAGGSLRLSCAASGYFFSSSSMGWFRQAPGKEREFVAAIRSRGGNAYYADSVKGRFTISRDNAKNTVYLQMDSLKPEDTAVYFCAVPSIARRRSLYLPPPSADDFDYWGQGTQVTVSSHH
10,nano_ir_id_tag_84108_seq_gen.pdb,QVQLQESGGGLVQGGGSLRLSCAASGRTFSSYAMGWFRQAPGKGREWVAAIRWSGGYTYYTDSVKGRFTISRDNAKTTVYLQMNSLRPEDTAVYYCAADRRRSDYIYYALPQRPLDYDYWGQGTQVTVSSLE
11,nano_ir_id_tag_84108_inv_fold.pdb,EVQLVESGGGLVQAGGSLRLSCAASGRTFSSYAMGWFRQAPGKEREFVSAIIGSGGSTYYADSVKGRFTISRDNAKNTVYLQMNSLKPEDTAVYYCAAHFDSPPPLPYRMHLSSYAYDYWGQGTQVTVSSEH
12,nano_ir_id_tag_60234_seq_gen.pdb,QVQLQESGGGLVQGGGSLRLSCAASGRTFSSYAMGWFRQAPGGGREWVAAIRWSGGYTYYTDSVKGRFTISRDNAKTTVYLQMNSLKPEDTAVYYGALPTARSDYDYYALPQRPLDYDYWGQGTQVTVSSLE
13,nano_ir_id_tag_60234_inv_fold.pdb,QVQLQESGGGLVQAGGSLRLSCTASGRSFSSYAMGWLRQTPEKGRDFVAIITWTGGNTYYADSVKGRFTVSRDNAKKTVYLNMNNLRLEDTAIYYCARPNPSPRGHMTGGYGSPSYYNTWGQGTQVTVSSHH
14,nano_ir_id_tag_81027_seq_gen.pdb,QVQLQESGGGLVQGGGSLRSSCAASGRTFSSYAMGWFRQAPGGGREWVAAIRWSGGYTYYTDSVKGRFTISRDNAKTTVYLQMNSLKPTDTAVYYGALPGTASAYSYYALPQRPLDYDYWGQGTQVTVSSLE
15,nano_ir_id_tag_81027_inv_fold.pdb,EVQLQESGGGLVQAGGSLRLSCGASGRTFSSYAMGWFRQTPGKGREFIAAITWSGGYTYYADSVKGRFTISRDNAKNTVYLQMNSLKLEDTAVYYCAAPKPSRVLWYNIIPTRARDYDYWGQGTQVTVSSAA
16,nano_ir_id_tag_95612_seq_gen.pdb,QVQLQESGGGLVQGGGSLRLSCAASGRTFSSYTMGWFRQAPGKGREWVAAIRWSGGYTYYTDSVKGRFTISRDNAKTTVYLQMNSLKPEDTAVYYCAADRNRRDYYDYALPQRPLDYDYWGQGTQVTVSSLE
17,nano_ir_id_tag_95612_inv_fold.pdb,QVQLVESGGGLVQAGGSLRLSCAASGRTFGSDAMGWFREAPGKEREFVAAIRWSGGNTYYTDSVKGRFTISRDNAKNTVYLQMNSLKPEDTAVYYCAAARVYQYYPRFGHYIRQEDYDYWGQGTQVTVSSHH
18,nano_ir_id_tag_79362_seq_gen.pdb,QVQLQESGGGLVQGGGSVRWSCAASGRTFSSYAMGWFRQAPGSGREWVAAIRWSGGYTYYTDSVKGRFTISRDNAKTTVYLQMNSLRPTDTATYYGALPHSDEEYLYYALPQRPLDYDYWGQGTQVTVSSLE
19,nano_ir_id_tag_79362_inv_fold.pdb,QVQLQESGGGLVQAGGSLRLSCAASGSRFYYYAMGWFRQAPGKGREFVAGISSSGSSTRYADSVQGRFTISRDNAKNTVYLQMNSLRPEDTAVYYCARPRYDRRRYYLPLPTRPSDYDYWGQGTQVTVSSHS
20,nano_ir_id_tag_35671_seq_gen.pdb,QVQLQESGGGLVQGGGSLRLSCAASGRTFSSYAMGWFRQAPGKGREWVAAIRWSGGYTYYTDSVKGRFTISRDNAKTTVYLQMNSLKPEDTAVYYCAAPRSLREYRYYALPQRPLDYDYWGQGTQVTVSSLE
21,nano_ir_id_tag_35671_inv_fold.pdb,QVQLQESGGGLVQAGGSLRLSCAASGRTSSSYAVGWFRQAPGKEREFVATIRSSGGETYYADSVKGRFTISRDNAKNTVYLQMNSLKPEDTAVYYCAAPPTHDTLRPSGMPLSDNDYDYWGQGTQVTVSSAG
22,nano_ir_id_tag_66350_seq_gen.pdb,QVQLQESGGGLVQGGGSLRLSCAASGRTFSSYAMGWFRQAPGGGLEWVAAIRWSGGYTYYTDSVKGRFTISRDNAKTTVYLQMNSLRPEDTAVYYGAIPTKEGDYLYYALPQRPLDYDYWGQGTQVTVSSLE
23,nano_ir_id_tag_66350_inv_fold.pdb,EVQLVESGGGLVQAGGSLRLSCAASRRTFSSSDMGWFRQAPGQGREFVACVRGSGGSTYYTDSVKGRFTISRDNAKNTVYLQMNSLKPEDTAVYYCAVPRRSHPWSPRPQLFYPDDYNYWGPGTQVTVSSAG
24,nano_ir_id_tag_65590_seq_gen.pdb,QVQLQESGGGLVQGGGSLRLSCAASGRTFSSYAMGWFRQAPGKGREWVAAIRWSGGYTYYTDSVKGRFTISRDNAKTTVYLQMNSLKPEDTAVYYCAADYYLSDYDVYALPQRPLDYDYWGQGTQVTVSSLE
25,nano_ir_id_tag_65590_inv_fold.pdb,QVQLVESGGGLVQTGGSLRLSCAASGRTSSYYAMAWFRQAPGKEREFVAAISWSGGNTYYADSVKGRFTISRDNAKNTVYLQMNSLKPEDTAVYYCAAHDGKEGFSSYGIPLRGRSYFYWGQGTQVTVSSHS
26,nano_ir_id_tag_3016_seq_gen.pdb,QVQLQESGGGLVQGGGSLRWSCAASGRTFSSYAMGWFRQAPGGGLEGVAAIRWSGGYTYYTDSVKGRFTISRDNAKTTVYLQMNSLCTDDTAVYYGAIKFLRSEYRYYALPQRPLDYDYWGQGTQVTVSSLE
27,nano_ir_id_tag_3016_inv_fold.pdb,QVQLQESGGGLVQAGGSLRLSCAVSGVTLSNYDMGWFRRAPGQGREFVSTINWEGGGAYYADSVKGRFTISRDNAKNTVYLQMNSLKPEDTAVYYCALRLRRREPGYGIIPTSPGAYDYWGQGTLVTVSSHP
28,nano_ir_id_tag_15977_seq_gen.pdb,QVQLQESGGGLVQGGTTLRWSCAASGRTFSSYTMGWFRQAPGSGREWVAAIRWSGGYTYYTDSVKGRFTISRDNAKTTVYLQMNSLAAKDTAVYAGTLPTADSDYDYYALPQRPLDYDYWGQGTQVTVSSLE
29,nano_ir_id_tag_15977_inv_fold.pdb,QVQLVESGGGLVQAGRSLRLSCAVSGLTFSTYTIYWVRQAPGKGREWVSAITPDLGSRYYADSVKGRFTISRDNSKNTVYLQMNSLKPEDTAVYYCARPPPYPLNFGSSFLPSPRDVDYWGQGTTVTVSSGH
30,nano_ir_id_tag_27282_seq_gen.pdb,QVQLQESGGGLVQGAELANWSCAASGRTFSSYWMGWFRGSLSGGSEAVARIRWSGGYTYYTDSVKGRFTISRDNAKTTVYLQMNSLCTRDTQVGSGQLPTAVEEFDYYALPQRPLDYDYTGQGTQVTVSSLE
31,nano_ir_id_tag_27282_inv_fold.pdb,QVQLQESGGGLVQAGESRLLSCAASGYTFSHYTAGWFRQTRGKERELVAAISSSGGSTYYTDSVKGRFTISRDNASNSVSLQMDSLKPEDTVVYYVRARCARDRKSSDASKSYNERFDYWGQGTQVTVRSRT
32,nano_ir_id_tag_78480_seq_gen.pdb,QVQLQESGGGLVQGGDSLRWSCAASGRTFSSYAMGWFRQAPGSGREWVAAIRWSGGYTYYTDSVKGRFTISRDNAKTTVYLQMNSLKPTDTAVYYGTLPVPSDKYDYYALPQRPLDYDYWGQGTQVTVSSLE
33,nano_ir_id_tag_78480_inv_fold.pdb,QVQLVESGGGLVQPGESRTLSCAASGRTYNSYAMGWFRQAPGKGREFVSMISSGGGSTYYADSVKGRFTISRDSGKNTVYLQMSSLKPEDTAVYYCAAPDLYDRSRQDNSRGFFQVYDYWGKGTLVTVSSHK
34,nano_ir_id_tag_42168_seq_gen.pdb,QVQLQESGGGLVQGASTTQWSCAASGRTFSSYGMGWFRLRLNGAVETVADIRWSGGYTYYTDSVKGRFTISRDNAKTTVYLQMNSLCTTDTSSLDGTLPTSRSSYRFYALPQRPLDYDYQGQGTQVTVSSLE
35,nano_ir_id_tag_42168_inv_fold.pdb,QVQLQESGGGLVQAGSSLRLSCAASGRTYSSTAMGWIRQLPDGERELVAAISRDGGYTYYTDSVKGRFTISVDNSKTIVYLQMNSLKPEDTAVYYCALFRGYLGVRGISLVPDDLPYDYTGQGTLVTVTPHQ
36,nano_ir_id_tag_85414_seq_gen.pdb,QVQLQESGGGLVQGGGSLRWSCAASGRTFSSYAMGWFRQAPGGGREWVAAIRWSGGYTYYTDSVKGRFTISRDNAKTTVYLQMNSLKPEDTAVYYGYLPIAPSSYSYYALPQRPLDYDYWGQGTQVTVSSLE
37,nano_ir_id_tag_85414_inv_fold.pdb,QVQLQESGGGSVQAGGSLRVSCAASGSFFDIYAMGWYRQAPGKERELVSAISSVGGNTYYADSVKGRFTISRDNAKNTVYLQMNSLKPEDTAVYYCAAGWTEGWPVSVSKHRYSVDSGYWGQGTQVTVSSAA
38,nano_ir_id_tag_71404_seq_gen.pdb,QVQLQESGGGLVQGVEPAGWSCAASGRTFSSYWMGWFRVNLGGDVEGVAGIRWSGGYTYYTDSVKGRFTISRDNAKTTVYLQMNSLCTPDTKAAAGTLPTSADRFQHYALPQRPLDYDYGGQGTQVTVSSLE
39,nano_ir_id_tag_71404_inv_fold.pdb,QVQLQESGGGLVRAGGSLRLSCAASGRTYAYMVMGWFRQAPGKERELVAATSSDDNTAYYADSVKGRFAISRDNAKNTVYLQMNSLHPEDPVYYCAAEYDEYTGWAYQFMDNKFVNWDYWGQGTQVTVSSEP
40,nano_ir_id_tag_51168_seq_gen.pdb,QVQLQESGGGLVQGVNTTNWSCAASGRTFSSYWMGWFRTIVGGSVEEVAPIRWSGGYTYYTDSVKGRFTISRDNAKTTVYLQMNSLCTNDTRYQNGSLPWRREEYLYYALPQRPLDYDYEGQGTQVTVSSLE
41,nano_ir_id_tag_51168_inv_fold.pdb,EVQLVESGGGLVQAGVSLRPSCAASGRTFSSYGMGWFRQAPVKEREFVSPISSSAGNTYYADSVKGRFTISRDNAKNTVSLQMDSLKAEDTAAYCATKFVQPAYYGYAESVYGWTAFDFWGQGTLVTVASNA
42,nano_ir_id_tag_83845_seq_gen.pdb,QVQLQESGGGLVQGVSLTGYSCAASGRTFSSYGMGWFRGYWGSGSETVAFIRWSGGYTYYTDSVKGRFTISRDNAKTTVYLQMNSLCATDTPVPTGTLPSAPSSYQYYALPQRPLDYDYSGQGTQVTVSSLE
43,nano_ir_id_tag_83845_inv_fold.pdb,QVQLVESGGRVAKPGGSLRRSCAASGRTFSYYGMGWFRQAPGKGRELVAGITHIGGSTYYTDSVKGRFTISRDNAKSTVSLQMNALRSEDTPMYYFAVRTLPNGEVAYCAALGPYLMMYWGRGPHVTVTSRG
44,nano_ir_id_tag_81465_seq_gen.pdb,QVQLQESGGGLVQGVSLQKWSCAASGRTFSSYEMGWFRVNTSGTQEYVAPIRWSGGYTYYTDSVKGRFTISRDNAKTTVYLQMNSLCTNDTQYPAGTLPAAANEFLYYALPQRPLDYDYVGQGTQVTVSSLE
45,nano_ir_id_tag_81465_inv_fold.pdb,QVQLQESGGGLPQGGDSIRLSCSASGFSFSSYWMGWYRKIPDGRRELVAGITSSGGTTRYVPAVKGRFTISRDNSKNTLYLQLSNSDTDLSAQVGTYSCGLSPGGGPTLRPLTSGSPDYFSPGVLLVLSVPP
46,nano_ir_id_tag_37097_seq_gen.pdb,QVQLQESGGGLVQGGDPSNWSCAASGRTFSSYEMGWFRAVQSSDKEEVAQIRWSGGYTYYTDSVKGRFTISRDNAKTTVYLQMNSLCTTDTSAPAGTLPTAQSSYQYYALPQRPLDYDYAGQGTQVTVSSLE
47,nano_ir_id_tag_37097_inv_fold.pdb,EVQLVESGGGLIQPGQSVKLSCVVSGFTFSSYDMSWVRQSPEKRVETVATESIDGGTTYYLESVKGRFTISRDNAKNTLYLQISNLRSEDIGTGASGSSGGSNTVTYHCAREGLRGLPDLPPDGSSTRAPRH
48,nano_ir_id_tag_88818_seq_gen.pdb,QVQLQESGGGLVQGADTRNWSCAASGRTFSSYGMGWFRGNLHGSTESVAGIRWSGGYTYYTDSVKGRFTISRDNAKTTVYLQMNSLRCTDTPAPPGTLPTAPSDYKYYALPQRPLDYDYEGQGTQVTVSSLE
49,nano_ir_id_tag_88818_inv_fold.pdb,EFQLQESGGGVVQPGQSLRLSCVASGRTFTSYAYGWYRQTPENKPEPVTAISGDGSKTYYADSVKGRFTISRDDAKNTVYLQMNNLQPEDLVVPMPWKGTAGGGGGAAALPDGGAEASPPSGGVKWRPLVTG
50,nano_ir_id_tag_70700_seq_gen.pdb,QVQLQESGGGLVQGVSSSGFSCAASGRTFSSYGMGWFRGALSGGNEGVAEIRWSGGYTYYTDSVKGRFTISRDNAKTTVYLQMNSLCTTDTSKPTGTLPTASSSYQYYALPQRPLDYDYTGQGTQVTVSSLE
51,nano_ir_id_tag_70700_inv_fold.pdb,QVQLVEAGGDLVQPGGSLRLSCAASGRTFSNYAMGWFRLAPGKGRELVSAITGGGGRTYYADSVKGRFTISRDNAKNTVYLQMNSLKPEDTAIYYCRRFPFSTLHLVGEGRKAKIRTWAADLGSVVVPERSS
52,nano_ir_id_tag_63131_seq_gen.pdb,QVQLQESGGGLVQGADTRGWSCAASGRTFSSYYMGWFRGVLSGRSEEVAGIRWSGGYTYYTDSVKGRFTISRDNAKTTVYLQMNSLCTPDTSYPPGTLPWLRQEYLYYALPQRPLDYDYQGQGTQVTVSSLE
53,nano_ir_id_tag_63131_inv_fold.pdb,DVQMQQSGGGWGEGGLGDGFSCAASGTTVKGYYVAWFRQSPGKGREVVALISWAGGRTWYADSVKGRFTISRDNSKNTVYLQVNRRFVRPDTVPPGVVPSLQDLAIYVCAPITPPRLTLPTHIRAVSSPRGT
54,nano_ir_id_tag_48396_seq_gen.pdb,QVQLQESGGGLVQGEDTSSYSCAASGRTFSSYRMGWFRVNLSGGNESVASIRWSGGYTYYTDSVKGRFTISRDNAKTTVYLQMNSLAPDDDIPGNNKSPTNKDDFDIYALPQRPLDYDYDNQGTQVTVSSLE
55,nano_ir_id_tag_48396_inv_fold.pdb,QLQLVESGGGFVKSGGTLRLSCAASGFNYSDNIIGWVRQTPEREPEWVATITVSGRSVTYTDSVKGRFTISRDNSKTTVYLQMNSLRPEHVTVYLGSPHPSRQNLSCAVLNRSRTDLDRQRLGEMHRTREFL
56,nano_ir_id_tag_24685_seq_gen.pdb,QVQLQESGGGLVQGVSLQGYSCAASGRTFSSYDMGWFRGNISGYQELVASIRWSGGYTYYTDSVKGRFTISRDNAKTTVYLQMNSLCTQDTSYANGTLPSAASSYTWYALPQRPLDYDYDGQGTQVTVSSLE
57,nano_ir_id_tag_24685_inv_fold.pdb,QVQLVESGEGVIPERGSLKLSCEASGYTRGSNLIGWFRQAPDNGLELVCYISMVGGDIYYVDSVKGRFTISRDNSKNTVYLQMNSLRPEVTAVYYFSRDSYRSNYSYAYAGHLYGGHVDQWGRGQLITVSAP
58,nano_ir_id_tag_17505_seq_gen.pdb,QVQLQESGGGLVQGLDFQGYSCAASGRTFSSYSMGWFRNVAGGLTEGVASIRWSGGYTYYTDSVKGRFTISRDNAKTTVYLQMNSLCTYDTNYPSGSLPWSAGSYEWYALPQRPLDYDYSGQGTQVTVSSLE
59,nano_ir_id_tag_17505_inv_fold.pdb,QVQLQESGGDLVQAGGSLRLSCAASGRTFSEYAMGWFRQAPGKQLELVAAIKGGGGAAVYVDSVKGRFTISRDNSNNTVYLQMNSLKPEATAVYYGHCGCNYHRHRDHKLNSSKNGADLWGQGTLVTVSSAA
60,nano_ir_id_tag_83128_seq_gen.pdb,QVQLQESGGGLVQGVNLLGYSCAASGRTFSSYWMGWFRASAGSGEEVVAEIRWSGGYTYYTDSVKGRFTISRDNAKTTVYLQMNSLCGPDTPTGPGTLPTAPGSYPVYALPQRPLDYDYSGQGTQVTVSSLE
61,nano_ir_id_tag_83128_inv_fold.pdb,QVQLVESGGGVVQAGNEVRLSCAASGRISSSYVMGWSRQTPGKEREWVTLISWSGGSTYYSDAVKGRFTISRDTSKNTVYLQMDRLRAEDKETAYGPKGTKNDTAVVYYDGGRGSGDDVRGQGTQVTRSDHR
62,nano_ir_id_tag_66209_seq_gen.pdb,QVQLQESGGGLVQGVNLTNYSCAASGRTFSSYTMGWFRRNLSGGSEKVAAIRWSGGYTYYTDSVKGRFTISRDNAKTTVYLQMNSLWACDYWSSGTDLPCKPEDFDYYALPQRPLDYDYWGQGTQVTVSSLE
63,nano_ir_id_tag_66209_inv_fold.pdb,QVQLLESGGGLVQPGGSLRLSCAASGFTFNDNAMRWFRQAPGKERELVAAISSGGGSTYYVDSVKGRFTISRDNAKNTLYLQMNSLKPEDTALYYCTARKKSGGLFGACWALKQNSFGHWGQGTLVTVSSAP
64,nano_ir_id_tag_74102_seq_gen.pdb,QVQLQESGGGLVQGVDPAGYSCAASGRTFSSYGMGWFRGNLGSGNETVASIRWSGGYTYYTDSVKGRFTISRDNAKTTVYLQMNSLCAPDTGVPAGTQPTADTDYKYYALPQRPLDYDYGGQGTQVTVSSLE
65,nano_ir_id_tag_74102_inv_fold.pdb,QVHVVRSGGGLVAPGGSPWLSCAAFGLTFGNYDMGWFRGPPEKGLELVATISPSGGQTYYSDSVKGRFTISRNDARNTVYLQLGPLRPEDTAVTYFAVSTSHQDTLCWARNHPAAIPQPLGQGTGARVPLTT
66,nano_ir_id_tag_27149_seq_gen.pdb,QVQLQESGGGLVQGVNTDGWSCAASGRTFSSYRMGWFRTRIDGKYEEVADIRWSGGYTYYTDSVKGRFTISRDNAKTTVYLQMNSLCCTDTPQPAGSLPWAASEFKYYALPQRPLDYDYQGQGTQVTVSSLE
67,nano_ir_id_tag_27149_inv_fold.pdb,GVVCTTSGGQLTPAGVTLNLSCKATGSGTTNGWVGWFQQKTDGSLELLASISGDGSSTYYTDDVKGRFTISRDNSSNTVYLTMSEAARRSSPAPPGESSGSLPSLVCRPIPRNPPLLRLNLPPPPLRSPLLR
68,nano_ir_id_tag_66618_seq_gen.pdb,QVQLQESGGGLVQGVNAVGWSCAASGRTFSSYPMGWFRQQTGSGSETVAPIRWSGGYTYYTDSVKGRFTISRDNAKTTVYLQMNSLCTPDTYSTSGTLPWSIYDYQYYALPQRPLDYDYNGQGTQVTVSSLE
69,nano_ir_id_tag_66618_inv_fold.pdb,QVQLVESGGGLLQRGRSLRLACAAFGRTIEVYALGWFRQAPGKGREWVAAIRWRGGSTYYADSVKGSFTISRDDSKSTAYLQMDSLRPEDTAVYYCADFGYIRRGDLSPCYYKGGLFDIRGQGTQVTVSSDH
70,nano_ir_id_tag_75907_seq_gen.pdb,QVQLQESGGGLVQGADPSGWSCAASGRTFSSYPMGWFRGSLGGGTEGVAGIRWSGGYTYYTDSVKGRFTISRDNAKTTVYLQMNSLCTTDTQYPPGTLPWRPQDYQYYALPQRPLDYDYLGQGTQVTVSSLE
71,nano_ir_id_tag_75907_inv_fold.pdb,QVQLVESGGGLVQPGGSLRLSCAASGRVFGGNAMGWFRQAPGKERELVSAIGSSGGRTYYTDSVKGRFTISRDNAKNTVYLQMNSLRPVSTDLSQAQRATVYRPLVAADDHHQAPDGHQAYQSIDRQLVIVY
72,nano_ir_id_tag_87414_seq_gen.pdb,QVQLQESGGGLVQGVTPESYSCAASGRTFSSYGMGWFRAVRTGGSESVALIRWSGGYTYYTDSVKGRFTISRDNAKTTVYLQMNSLCCTDTPQRPGTLPWKNTDYQYYALPQRPLDYDYAGQGTQVTVSSLE
73,nano_ir_id_tag_87414_inv_fold.pdb,EVQLVESGGGLKQAGESLRLSCTASGLTSSGYAMGWFRQLPGKGPEWVSVINGSGSRTYYTDSVKGRFTISRDNAKNTLYLQMDSLRAGDTALYTCGGEFIISPGHCRSVVSPDLDRNQIQVVRNVDAWLHR
