identifier,sequence,mahalanobis_distance
nano_cdr3_2024-10-19_11:59:04_candidate0000_4krl-B_21,QVKLEESGGGSVQTGGSLRLTCAASGRTSRSYGMGWFRQAPGKEREFVSGISWRGDSTGYADSVKGRFTISRDNAKNTVDLQMNSLKPEDTAIYYCAAKWRYQGTWNAIQESSYYDYWGQGTQVTVSS,17.757441690782095
nano_cdr3_2024-10-19_11:59:04_candidate0001_4krl-B_15,QVKLEESGGGSVQTGGSLRLTCAASGRTSRSYGMGWFRQAPGKEREFVSGISWRGDSTGYADSVKGRFTISRDNAKNTVDLQMNSLKPEDTAIYYCNARFWRGGRWDDYAFWGQGTQVTVSS,18.07891926031925
nano_cdr3_2024-10-19_11:59:04_candidate0002_4krl-B_15,QVKLEESGGGSVQTGGSLRLTCAASGRTSRSYGMGWFRQAPGKEREFVSGISWRGDSTGYADSVKGRFTISRDNAKNTVDLQMNSLKPEDTAIYYCTAEPFRGGKYPELMVWGQGTQVTVSS,19.584078076927295
nano_cdr3_2024-10-19_11:59:04_candidate0003_4krl-B_15,QVKLEESGGGSVQTGGSLRLTCAASGRTSRSYGMGWFRQAPGKEREFVSGISWRGDSTGYADSVKGRFTISRDNAKNTVDLQMNSLKPEDTAIYYCNASTADLGFWPAYDHWGQGTQVTVSS,17.35880501929553
nano_cdr3_2024-10-19_11:59:04_candidate0004_4krl-B_22,QVKLEESGGGSVQTGGSLRLTCAASGRTSRSYGMGWFRQAPGKEREFVSGISWRGDSTGYADSVKGRFTISRDNAKNTVDLQMNSLKPEDTAIYYCAASEHGSIYGPWFAGVSSYYDVWGQGTQVTVSS,16.970234878664314
nano_cdr3_2024-10-19_11:59:04_candidate0005_4krl-B_15,QVKLEESGGGSVQTGGSLRLTCAASGRTSRSYGMGWFRQAPGKEREFVSGISWRGDSTGYADSVKGRFTISRDNAKNTVDLQMNSLKPEDTAIYYCNTRYREQSYEVSYDFWGQGTQVTVSS,19.176395861076212
nano_cdr3_2024-10-19_11:59:04_candidate0006_4krl-B_15,QVKLEESGGGSVQTGGSLRLTCAASGRTSRSYGMGWFRQAPGKEREFVSGISWRGDSTGYADSVKGRFTISRDNAKNTVDLQMNSLKPEDTAIYYCNAVVPTQSYHGDYDYWGQGTQVTVSS,17.870695195626453
nano_cdr3_2024-10-19_11:59:04_candidate0007_4krl-B_22,QVKLEESGGGSVQTGGSLRLTCAASGRTSRSYGMGWFRQAPGKEREFVSGISWRGDSTGYADSVKGRFTISRDNAKNTVDLQMNSLKPEDTAIYYCAARLTDGSGGYANADDQGRNDVWGQGTQVTVSS,19.273812260210203
nano_cdr3_2024-10-19_11:59:04_candidate0009_4krl-B_15,QVKLEESGGGSVQTGGSLRLTCAASGRTSRSYGMGWFRQAPGKEREFVSGISWRGDSTGYADSVKGRFTISRDNAKNTVDLQMNSLKPEDTAIYYCNASHTGATISYWNDYWGQGTQVTVSS,18.323667734168687
nano_cdr3_2024-10-19_11:59:04_candidate0010_4krl-B_15,QVKLEESGGGSVQTGGSLRLTCAASGRTSRSYGMGWFRQAPGKEREFVSGISWRGDSTGYADSVKGRFTISRDNAKNTVDLQMNSLKPEDTAIYYCNAYDEDSVWSQANEYWGQGTQVTVSS,19.036507776053096
nano_cdr3_2024-10-19_11:59:04_candidate0011_4krl-B_15,QVKLEESGGGSVQTGGSLRLTCAASGRTSRSYGMGWFRQAPGKEREFVSGISWRGDSTGYADSVKGRFTISRDNAKNTVDLQMNSLKPEDTAIYYCAAKEGYGLLGLNWAVWGQGTQVTVSS,19.223691677103183
nano_cdr3_2024-10-19_11:59:04_candidate0012_4krl-B_21,QVKLEESGGGSVQTGGSLRLTCAASGRTSRSYGMGWFRQAPGKEREFVSGISWRGDSTGYADSVKGRFTISRDNAKNTVDLQMNSLKPEDTAIYYCAAKLEIARSALFDVDSRYYDSWGQGTQVTVSS,17.374428441767623
nano_cdr3_2024-10-19_11:59:04_candidate0013_4krl-B_15,QVKLEESGGGSVQTGGSLRLTCAASGRTSRSYGMGWFRQAPGKEREFVSGISWRGDSTGYADSVKGRFTISRDNAKNTVDLQMNSLKPEDTAIYYCSAGVNGPDGVRVFDYWGQGTQVTVSS,17.88629787565586
nano_cdr3_2024-10-19_11:59:04_candidate0014_4krl-B_19,QVKLEESGGGSVQTGGSLRLTCAASGRTSRSYGMGWFRQAPGKEREFVSGISWRGDSTGYADSVKGRFTISRDNAKNTVDLQMNSLKPEDTAIYYCAAGRAKSSYYDREPNNYGVWGQGTQVTVSS,17.472077450502994
nano_cdr3_2024-10-19_11:59:04_candidate0015_4krl-B_15,QVKLEESGGGSVQTGGSLRLTCAASGRTSRSYGMGWFRQAPGKEREFVSGISWRGDSTGYADSVKGRFTISRDNAKNTVDLQMNSLKPEDTAIYYCNAGTGDLASNDLSDYWGQGTQVTVSS,18.351918976921826
nano_cdr3_2024-10-19_11:59:04_candidate0017_4krl-B_17,QVKLEESGGGSVQTGGSLRLTCAASGRTSRSYGMGWFRQAPGKEREFVSGISWRGDSTGYADSVKGRFTISRDNAKNTVDLQMNSLKPEDTAIYYCAARQGSKMTLSPSLYKYWGQGTQVTVSS,17.859730365614325
nano_cdr3_2024-10-19_11:59:04_candidate0018_4krl-B_20,QVKLEESGGGSVQTGGSLRLTCAASGRTSRSYGMGWFRQAPGKEREFVSGISWRGDSTGYADSVKGRFTISRDNAKNTVDLQMNSLKPEDTAIYYCNATEGGYDPGWDGSPKDFDYWGQGTQVTVSS,17.931532912402936
nano_cdr3_2024-10-19_11:59:04_candidate0019_4krl-B_20,QVKLEESGGGSVQTGGSLRLTCAASGRTSRSYGMGWFRQAPGKEREFVSGISWRGDSTGYADSVKGRFTISRDNAKNTVDLQMNSLKPEDTAIYYCVAKENTGTSSQYDFFYANDYWGQGTQVTVSS,16.915772183647142
nano_cdr3_2024-10-19_11:59:04_candidate0021_4krl-B_21,QVKLEESGGGSVQTGGSLRLTCAASGRTSRSYGMGWFRQAPGKEREFVSGISWRGDSTGYADSVKGRFTISRDNAKNTVDLQMNSLKPEDTAIYYCAVKLNSGSRGWDSLYGQNMDYWGQGTQVTVSS,18.546333416105256
nano_cdr3_2024-10-19_11:59:04_candidate0022_4krl-B_16,QVKLEESGGGSVQTGGSLRLTCAASGRTSRSYGMGWFRQAPGKEREFVSGISWRGDSTGYADSVKGRFTISRDNAKNTVDLQMNSLKPEDTAIYYCNARRGNGWYLEFNKDDWGQGTQVTVSS,20.125122579632944
nano_cdr3_2024-10-19_11:59:04_candidate0023_4krl-B_22,QVKLEESGGGSVQTGGSLRLTCAASGRTSRSYGMGWFRQAPGKEREFVSGISWRGDSTGYADSVKGRFTISRDNAKNTVDLQMNSLKPEDTAIYYCSASADHRYSSSSYPYTPSDYDVWGQGTQVTVSS,17.461768276603813
nano_cdr3_2024-10-19_11:59:04_candidate0024_4krl-B_20,QVKLEESGGGSVQTGGSLRLTCAASGRTSRSYGMGWFRQAPGKEREFVSGISWRGDSTGYADSVKGRFTISRDNAKNTVDLQMNSLKPEDTAIYYCAAKQGSDASIVFFSESKMKYWGQGTQVTVSS,19.108134875475994
nano_cdr1-3_2024-10-19_11:59:04_candidate0001_4krl-B_7-10-20,QVKLEESGGGSVQTGGSLRLTCAASGWISIDAMGWFRQAPGKEREFVSGISGDNGGNVIGYADSVKGRFTISRDNAKNTVDLQMNSLKPEDTAIYYCAASMSPYYMNSGDAPYNYDSWGQGTQVTVSS,25.999599809687403
nano_cdr1-3_2024-10-19_11:59:04_candidate0002_4krl-B_9-10-15,QVKLEESGGGSVQTGGSLRLTCAASGYTFISNYSMGWFRQAPGKEREFVSGITSLTAGGTTGYADSVKGRFTISRDNAKNTVDLQMNSLKPEDTAIYYCAKGGSSPLSEAAFDYWGQGTQVTVSS,28.690966698854737
nano_cdr1-3_2024-10-19_11:59:04_candidate0003_4krl-B_8-9-15,QVKLEESGGGSVQTGGSLRLTCAASGGTFSGYDMGWFRQAPGKEREFVSGIWWGGAGRTGYADSVKGRFTISRDNAKNTVDLQMNSLKPEDTAIYYCNVWWGIQRLFPRIHSWGQGTQVTVSS,22.927907052727463
nano_cdr1-3_2024-10-19_11:59:04_candidate0004_4krl-B_7-10-22,QVKLEESGGGSVQTGGSLRLTCAASGSLMSYAMGWFRQAPGKEREFVSGVTDTKLYGSTGYADSVKGRFTISRDNAKNTVDLQMNSLKPEDTAIYYCAADTWITTYMSSRAYWTQDMDYWGQGTQVTVSS,27.456843691985895
nano_cdr1-3_2024-10-19_11:59:04_candidate0005_4krl-B_7-7-19,QVKLEESGGGSVQTGGSLRLTCAASGSFTIDYMGWFRQAPGKEREFVSGIYQGGSTGYADSVKGRFTISRDNAKNTVDLQMNSLKPEDTAIYYCAAAPGNVPYWFSSMSAFDVWGQGTQVTVSS,27.01485154692281
nano_cdr1-3_2024-10-19_11:59:04_candidate0007_4krl-B_7-9-20,QVKLEESGGGSVQTGGSLRLTCAASGDFSIDVMGWFRQAPGKEREFVSGTLKDSVTSTGYADSVKGRFTISRDNAKNTVDLQMNSLKPEDTAIYYCAAKSSRAAPLAYFGERGYEYWGQGTQVTVSS,28.583130966456093
nano_cdr1-3_2024-10-19_11:59:04_candidate0009_4krl-B_8-6-15,QVKLEESGGGSVQTGGSLRLTCAASGRYPGTWVMGWFRQAPGKEREFVSGISGGTKGYADSVKGRFTISRDNAKNTVDLQMNSLKPEDTAIYYCSAEKGLLFNFYEGAYWGQGTQVTVSS,25.416326017711597
nano_cdr1-3_2024-10-19_11:59:04_candidate0010_4krl-B_8-8-19,QVKLEESGGGSVQTGGSLRLTCAASGGSLDTIAMGWFRQAPGKEREFVSGISGSGDNTGYADSVKGRFTISRDNAKNTVDLQMNSLKPEDTAIYYCAGDSYGGSTLYLFSGFMDYWGQGTQVTVSS,21.885503503019525
nano_cdr1-3_2024-10-19_11:59:04_candidate0011_4krl-B_7-7-15,QVKLEESGGGSVQTGGSLRLTCAASGNMGANMMGWFRQAPGKEREFVSGIFSTRTTGYADSVKGRFTISRDNAKNTVDLQMNSLKPEDTAIYYCNYLSGNMKNAMGRDDWGQGTQVTVSS,29.650462711533812
nano_cdr1-3_2024-10-19_11:59:04_candidate0012_4krl-B_7-7-15,QVKLEESGGGSVQTGGSLRLTCAASGTTNIDAMGWFRQAPGKEREFVSGISSGGSTGYADSVKGRFTISRDNAKNTVDLQMNSLKPEDTAIYYCAGKAGSGNKPDFYDPWGQGTQVTVSS,27.132469970865237
nano_cdr1-3_2024-10-19_11:59:04_candidate0013_4krl-B_8-6-19,QVKLEESGGGSVQTGGSLRLTCAASGGTFSRYGMGWFRQAPGKEREFVSGLDSHGTGYADSVKGRFTISRDNAKNTVDLQMNSLKPEDTAIYYCAARTNHYVSYMFQQDAFDHWGQGTQVTVSS,24.6995700493785
nano_cdr1-3_2024-10-19_11:59:04_candidate0014_4krl-B_8-10-19,QVKLEESGGGSVQTGGSLRLTCAASGFTLSNYAMGWFRQAPGKEREFVSGISGSWGQGTTGYADSVKGRFTISRDNAKNTVDLQMNSLKPEDTAIYYCATSSFDADSSWRDMRDFAYWGQGTQVTVSS,22.303510748925508
nano_cdr1-3_2024-10-19_11:59:04_candidate0015_4krl-B_7-9-15,QVKLEESGGGSVQTGGSLRLTCAASGTIPATVMGWFRQAPGKEREFVSGITGTNGGTTGYADSVKGRFTISRDNAKNTVDLQMNSLKPEDTAIYYCQAQFIDKGGDQYYDYWGQGTQVTVSS,29.48468563123918
nano_cdr1-3_2024-10-19_11:59:04_candidate0016_4krl-B_7-6-18,QVKLEESGGGSVQTGGSLRLTCAASGVANPRVMGWFRQAPGKEREFVSGMAGGETGYADSVKGRFTISRDNAKNTVDLQMNSLKPEDTAIYYCNATRMAFLLATQASDYDVWGQGTQVTVSS,31.782781988469374
nano_cdr1-3_2024-10-19_11:59:04_candidate0017_4krl-B_9-9-20,QVKLEESGGGSVQTGGSLRLTCAASGGSSFSTYPMGWFRQAPGKEREFVSGISGKRGGTTGYADSVKGRFTISRDNAKNTVDLQMNSLKPEDTAIYYCAREGIRPPYRMYLPPEYYDVWGQGTQVTVSS,27.05863097411192
nano_cdr1-3_2024-10-19_11:59:04_candidate0018_4krl-B_7-6-15,QVKLEESGGGSVQTGGSLRLTCAASGSFSINSMGWFRQAPGKEREFVSGIGYSGTGYADSVKGRFTISRDNAKNTVDLQMNSLKPEDTAIYYCNAHGVAPAERETYDVWGQGTQVTVSS,30.955231843842643
nano_cdr1-3_2024-10-19_11:59:04_candidate0019_4krl-B_9-6-19,QVKLEESGGGSVQTGGSLRLTCAASGGTVVGLYAMGWFRQAPGKEREFVSGIYFTGTGYADSVKGRFTISRDNAKNTVDLQMNSLKPEDTAIYYCAAKTGSIMLPRMGTWKTDVWGQGTQVTVSS,29.11975325944162
nano_cdr1-3_2024-10-19_11:59:04_candidate0020_4krl-B_9-6-15,QVKLEESGGGSVQTGGSLRLTCAASGGTSFGDFGMGWFRQAPGKEREFVSGIGNSGTGYADSVKGRFTISRDNAKNTVDLQMNSLKPEDTAIYYCNARRDRVGGEGGVDSWGQGTQVTVSS,28.92472338087875
nano_cdr1-3_2024-10-19_11:59:04_candidate0021_4krl-B_8-8-22,QVKLEESGGGSVQTGGSLRLTCAASGGTFSNYAMGWFRQAPGKEREFVSGISSSGGDTGYADSVKGRFTISRDNAKNTVDLQMNSLKPEDTAIYYCAAWVRPDGWVGRILRAADWYLYWGQGTQVTVSS,18.928440321265278
nano_cdr1-3_2024-10-19_11:59:04_candidate0022_4krl-B_8-7-15,QVKLEESGGGSVQTGGSLRLTCAASGDTSDFYIMGWFRQAPGKEREFVSGTNVNGGTGYADSVKGRFTISRDNAKNTVDLQMNSLKPEDTAIYYCNAIPTVIGGQSEWKYWGQGTQVTVSS,23.271094924126828
nano_cdr1-3_2024-10-19_11:59:04_candidate0023_4krl-B_7-6-19,QVKLEESGGGSVQTGGSLRLTCAASDRFFFINMGWFRQAPGKEREFVSGISGGNTGYADSVKGRFTISRDNAKNTVDLQMNSLKPEDTAIYYCAADTWGNPYPYYAPAEMDVWGQGTQVTVSS,32.140928461055594
nano_cdr1-3_2024-10-19_11:59:04_candidate0024_4krl-B_8-6-22,QVKLEESGGGSVQTGGSLRLTCAASGGTVRTHGMGWFRQAPGKEREFVSGIYGGETGYADSVKGRFTISRDNAKNTVDLQMNSLKPEDTAIYYCATTTFLYPYYNYNLTRPQDYDYWGQGTQVTVSS,28.161288739323794
nano_coords_2024-10-19_11:59:04_candidate0001_4krl-B_7-6-15,QVQLVESGGGLVQPGGSLRLSCAASGTLSNYALAWYRQAPGKDREFVASISGGGLYYADSVKGRFTISRDNARKTVSLQMNSLKPEDTAVYYCNAGILYVVLSGPYDPWGQGTQVTVSS,27.667971105439474
nano_coords_2024-10-19_11:59:04_candidate0002_4krl-B_9-9-15,QVQLLESGGGVVQPSGSLRLSCAASGGIVWGNFAMGWFRQAPGKEREFVASISGSNEGFTIYADSVKGRFTISRDNAKNTVYLQMNSLRPEDTAVYYCNDSQRYSAMFFPHDIWGQGTQVTVSS,28.699041658480507
nano_coords_2024-10-19_11:59:04_candidate0003_4krl-B_8-6-15,QVQLVESGGGLVTPGGSLRLSCAASGGSLMRYPMGWFRQAPGKELEWIAVIGSGMTGYADSVKGRFTISNDNSKDTVSLQMNNLKPEDTAVYFCNARGLFELQILKLRYWGQGTKVTVSS,28.642421270214772
nano_coords_2024-10-19_11:59:04_candidate0005_4krl-B_7-6-15,QVQLVESGGGLVQPGGTLALSCAASGNFSFHQMNWFRQAPGKKREFIAGIGGGTTYYADSVKGRFTISQDNAKKMVYLQMNSLKPEDTAVYYCGANGRLYNRGSDHDYWGQGTQVTVSS,35.09063942900069
nano_coords_2024-10-19_11:59:04_candidate0006_4krl-B_9-8-15,QVQLVESGGGLVQPGGSLRLSCAASGRTIAKDYGMGWFRQAPGKEREFVSAISTNGGSTNYADSVKGRFTISQDSSKNMVYLQMDSLKPEDTAVYYCAADAASYGGGWWPYVWGQGTQVTVSS,24.089035062127248
nano_coords_2024-10-19_11:59:04_candidate0008_4krl-B_9-6-15,QVQLLESGGGVVQPGGSLRLSCAVSGGNVSGIYMFGWFRQAPGKAREFVAAISGSSTYYKDSVKGRFTISRDNSKNTIYLQMNSLKPEDSAVYYCSSTIGQKGKPSDHKYWGQGTLVTVSS,32.070760623609786
nano_coords_2024-10-19_11:59:04_candidate0009_4krl-B_7-7-16,QVQLEESGGGSVMPGGSLRLSCAASGSFEFFGMAWLRQAPGEQREFVAGISSGGSTYYADSVKGRFTISQDNGKNTVYLQMNSLKAEDTAVYYCAASIYYMGWDPKEADYWGQGTQVTVSS,29.392556837139345
nano_coords_2024-10-19_11:59:04_candidate0010_4krl-B_7-6-15,QVQLVESGGGLQAPGGSLRLSCAASGSYSIGVMGWFRQAPGKEREFVAAISDGSTKYTDSVKGRFSISRDNSKNQVYLQMNSLKPEDTAIYYCNVDISPGNVYYSEDVWGQGTQVTVSS,27.25426019113706
nano_coords_2024-10-19_11:59:04_candidate0012_4krl-B_7-10-19,QVQLMESGGGLVQPGGSLRLSCAASGDTKFYAMGWYRQAPGKEREFVAAILTNTGKGNTYYADSVKGRFTISQDDAKKTVYLQMNSLKPEDTAVYYCNATTAARPDGSGRPPGLDYWGQGTQVTVSS,28.225018031220234
nano_coords_2024-10-19_11:59:04_candidate0013_4krl-B_7-10-15,QVQLAESGGGLVQPGGSLRLHCAASGSFLLTAMAWFRQAPGKEREFVAAIKSNSAGGTTYYADSVKGRFTISRNNAKKTVYLQMNSLKPEDTAVYYCAAYRSNTWGSYAQEFWGQGTQVTVSS,27.601778657009042
nano_coords_2024-10-19_11:59:04_candidate0015_4krl-B_8-9-15,EVQLVESGGGLVQPGGSLRLSCAASGGTFSNYGMGWFRQAPGKEREFVAAISATAGGRTSYADSVKGRFTISRDDAKNTVYLQMNNLKPEDTAVYYCAAIAYGTAIKSGYDYWGQGTQVTVSS,18.926654113702746
nano_coords_2024-10-19_11:59:04_candidate0017_4krl-B_9-8-20,QVQLLESGGGLVKPGGSLRLSCAASGGTITEGYAIGWFRQAPGKEREFVASISHSGGNTYYADSVRGRFTISRDNAKNTVSLQMNSLKHEDTAVYYCAAIAEETFLIDQRHALPFDHWGQGTQVTVSS,26.930131337808003
nano_coords_2024-10-19_11:59:04_candidate0018_4krl-B_8-10-16,QVQLRESGGGLVQPGGSLRLSCVASGGTFSDYGMGWFRQAPGKEREFVASIRRWARDGATDYAESVKGRFTISRDNAKNTLYLQMNSLKSEDTAMYYCSASAALFYMNERDYDYWGQGTQVTVSS,22.708883942217685
nano_coords_2024-10-19_11:59:04_candidate0019_4krl-B_9-8-15,QVQLVESGGGLVQPGGSLRLSCAASGYAIGDFYGLGWFRQAPGKEREFVASINAAGGSTYYQDSVQGRFTISRDNARNTVYLQMNSLKPADTAVYYCNASAVYYAGDGAFDVWGQGTQVTVSS,27.111334505706317
nano_coords_2024-10-19_11:59:04_candidate0020_4krl-B_7-9-22,QVQLQESGGGLVQPGGSLRLSCAASGSSNIDAMAWFRQAPGKEREFVAAISGSDEDGKLYSDSVKGRFTIARDNAKNTVSLQMNSLKPEDTAVYYCAAREGVGKMWPVIPGDANRYDYWGKGTQVTVSS,28.35104694414089
nano_coords_2024-10-19_11:59:04_candidate0021_4krl-B_7-6-22,QVQVVESGGGLVQPGGSLRLSCAASGSISTYYMGWFRQAPGKEREFVAAIYYGNTDYHDSVKGRFTISRDNAKKTVYLQMNSLKPEDTAVYYCAARDPDGSNSDDGFYNPNKYHAWGQGTQVTVSS,26.9671788023855
nano_coords_2024-10-19_11:59:04_candidate0022_4krl-B_8-7-18,QVQLVESGGGLAQAGESLRLSCAASDGSLDQYWMSWFRQAPDKEREFVVAIYPDGRTSYADSVKGRFTISRDNAKNTTYLQMNSLRPEDTAVYYCAADVKDYSGWGQPDDYDIWGQGTQVTVSS,20.840131092794287
nano_coords_2024-10-19_11:59:04_candidate0023_4krl-B_9-8-19,QVQLQESGGGLVQPGGSLRLSCAKSGGKIPSDYALGWFRVAPGKEREFVAAISGGGTSKYYADSVKGRFTLSRDNAKNTVYLQMSSLKLEDTAVYYCAARWGYDYFIRNASDTYGHWGQGTQVTVSS,28.04973672450131
nano_coords_2024-10-19_11:59:04_candidate0024_4krl-B_7-10-22,QVQLVESGGGLVQPGGSLRLSCVASGSFALHDMGWYRQAPGKEREFVAAITVGTGKYGTYYADSVKGRFTISRDNARRTVYLQMNSLKPEDTAVYYCNATNWSGWRVWAELTMATNMDVWGQGTQVTVSS,28.147602595482468
