sequence,rmsd
MRSKLFAITLLVGILAAVVVALAQTPAPENDEPYPPVVFVHGWGADASSWSDMIDYFVDEGWPASELYAFDYASGDCSIDVSADQLADFVDEVVDETGADQVDLVGHSQGGLIPRYYMENGSAADKVDNVVALGPANRDADLGGALPASDDGDVDYLSIHSEDDGIVPVENATLDGADNIVLDGAGHTGLGTDDEAFDEIEAFIDGDLGDDE,20.396459562563365
MRNSKFVIGLLALVLTLCAALVAAQPAPAAEDAYPPVIFVHGWTGSASTFSGMADYFVSRGYARENLYSVSYADNTGSVSSSGAQLAGFVDSVLAATGADKVDIVGHSMGGLVSRYYVSNNSGSDRVADVVTLGSPLNGSGAANLPGPDADGDIAYTNIYSSADGVVGYSSTTFSGADNVELAGVGHVGMPSSSSVFSQIEAGLSGTVSSTD,13.079440338447252
MKSLTRFAIVAAAVAALGLALLLLAPPQAHAEDRYPVVFVHGWNSSAATWNGLKSYLIGHGYAADQIFAVDLPPSTGSVATSSAALDGFIDQVVAQTGADQVDVVAHSLGGLVPQYYLTGGSRASKVDDVVTLGGANRGQTVCGLPGATPSGAIPVLSIYGTGDGIVPNASARLGGANNVEIAGVGHVALGSSSAVHSEVVRAINGTTTACG,7.497699337373306
MKRIFSALVLTAVLCAGLLALNLLSPAPQAEAALPPVVLVHGYLSSDSTWSSLRDRLVSNGWSADRVYALDWDGGSASISSSSGELSSFIDSVLAASGADKVNLVGHSLGGRAPLDYLSGGSYASKVDDVVTLGGPNHGSTLGSLAPSDPAGPIPTLAVWSTSDGVVPDSSARLDGADNIQVAGLGHVGMGTDSRVLGAVRSALSGTASSTR,4.320354577345137
MKNIFLRSATVLLAAVLCLGVALGQEPAAAQEKRYPIIFVHGWTGDPSTFADQRAYFVSKGYAESELYAIELDPPDGNVSVNAGELDAFIDEVLAKTGADKVDIVAHSMGGLNSQYYIENGDHKDKVANVVTLGGVNKGLDAAGTLGTTDEGDFPHVSIYSSSDDIVPLDSSRLGGADNRQIDGVDHIGLVTSDEAFEEIYDALTGEATSDF,7.412291999836235
MRSALGKVFILLTVLVVLLLALSACPPPEDEEQYPPIIFVHGNGGNASQWDGMIDRFVDAGYDPSLLYAFEYDSTEASIDVSADYLASFIEEILEDTGADQVDLVGHSLGGLVPRYYLTYGDHAERVDNVVTLGSPLGDFGFAEDFGDDDDDAVPVTNVYSEDDGIVSVSSTRLEGANNVQLEGIGHIGLPTNEDAFDAIEEAIEGTVGDAE,8.39570195068329
MKRISTLFAVVVVALAGALALQLLRPEPVHAADLPPVIFVHGYNSSSATWAGMVSRFVSNGYPASRLYAIELDPVNGSISANAAQLDALIDDLVARTGASKVDIIGHSQGGLIPRYYLKYGGGASKVASLVTLGSPHNGATVAYLPASDSSGTIPTLSIWSSCDGIVSNSGAYLDGADNRQIAGVCHIGLPTDPTVQGLVKDFIAGRVTARS,6.84439491127508
MRNSKLFAVIGTILLAVALVAACGQPAPEADAGLPPIVFVHGWSSNPYSWDGMIARFVANGWPEERLFAFDYDSLNASLSSSADELDAYVDAVLEATGAEQVDLVAHSMGGLVTRYYMRNGDGADRVDRLVTLGSPFNGVPEAVPDGPDADGPVPTLSVWSDDDDIVDPDSAVLDGAENRVVEGVGHVGMLTSDATYDEVMRFLEGDAGPVE,17.952211160915635
MKNSRFVLAITLCLLLLAGLAACAQPEPEEEDEYPPIVFVHGWTGNAASFEGMRARFVDAGWDADRLLAFDYASTQGNAEESSAELADFIEEVVAETGAEQVDVVAHSMGGLVPRYYMEGGDYEDKVANLVTLGGVNHGVDLAGLLPEDEDGEVPVLAIYSEDDGVVDPDSARLEGADNRVLPGLGHVGLADNDDVFDEVVDFLDGEVDSTD,5.143077624802597
MKNRLFSVATIAVVAAAVLLALGLQPAPAHAEPLPPIVLVHGYGDSPWTWQGLIDRLVSAGYPRSAIYALDLDDPSGDIAASAAELEAFVDAVVARTGADRVDIVGHSMGGLVPRYYIENNGGADKVASIVTLGGVNHGVAPGDCPGADADGPVPTLSIWSDGDGIVDDLSATLDCADNTVIAGVGHVGLPTNPAVYEEVMRFLAGDLGSAC,9.229254913425567
